"Size","MyDCTTime","LibDCTTime"
"8","5.253066619237264","0.49073342233896255"
"16","0.7430999539792538","0.08480002482732137"
"32","1.4955333899706602","0.32899994403123856"
"64","4.198433210452397","1.6539999439070623"
"128","8.136533355961243","2.303366626923283"
"256","100.76383338309824","2.4547666932145753"
"512","330.2974666003138","3.804833317796389"
"1048","2256.7132666396597","162.48216666281223"
