"Size","MyDCTTime","LibDCTTime"
"8","5.969464667335463","0.5331816670756476"
"16","1.5154043309545766","0.17556833336129785"
"32","1.9568563341939202","0.7688330030456806"
"64","9.84885033055131","2.6273950012788796"
"128","15.120643331708076","3.622021666766765"
"256","278.17378199930926","6.7162023309113765"
"512","1589.0144563333404","8.412440666385615"
"1048","9160.722035000314","401.68115466561477"
