"Size","MyDCTTime","LibDCTTime"
"8","35.41484100060188","3.4331129997250778"
"16","3.233394666798025","0.2364859998730632"
"32","5.971374333360775","5.349576000298839"
"64","31.094931001765264","9.446159333795853"
"128","23.55157566732184","14.320253666179875"
"256","114.74769466682726","15.439221000027223"
"512","355.51050066715106","20.358050333015854"
"1048","1924.6698330001284","502.06067066756077"
"2048","13232.252830999641","211.27149566624817"
