"Size","MyDCTTime","LibDCTTime"
"8","7.2232332701484365","1.048366694400708"
"16","0.4675666180749734","0.15313333521286646"
"32","1.1865999549627304","0.3189000611503919"
"64","3.7469000866015754","2.44116666726768"
"128","6.874000032742818","4.5528999374558525"
"256","38.255100060875215","4.66213336524864"
"512","60.67926661732296","7.733833355208238"
"1048","553.6624333666017","137.24790001288056"
"2048","4241.9177333358675","55.61139993369579"
