"Size","MyDCTTime","LibDCTTime"
"8","5.32396665463845","0.45859992193679017"
"16","0.9416666192313036","0.08856668137013912"
"32","1.3576000928878784","0.31836664614578086"
"64","4.67139994725585","1.6546333208680153"
"128","6.491099949926138","1.4467333288242419"
"256","107.69706661812961","3.6051000157992044"
"512","355.44813331216574","6.867266725748777"
"1048","2301.0541000403464","135.05550000506142"
