"Size","Custom Avg (s)","Custom Min (s)","Custom Max (s)","Custom Sum (s)","Custom N","Library Avg (s)","Library Min (s)","Library Max (s)","Library Sum (s)","Library N","Custom slower than Lib (%)"
"8","0.000016856","0.000011462","0.000022389","0.000084278","5","0.000001363","0.000001185","0.000001829","0.000006813","5","1136.94%"
"16","0.000044422","0.000044176","0.000044934","0.000222110","5","0.000003750","0.000003719","0.000003779","0.000018752","5","1084.45%"
"32","0.000206449","0.000204959","0.000208433","0.001032244","5","0.000013748","0.000013694","0.000013881","0.000068740","5","1401.67%"
"64","0.001155858","0.001098684","0.001351064","0.005779292","5","0.000066187","0.000063335","0.000074021","0.000330936","5","1646.35%"
"128","0.007221938","0.007188444","0.007298604","0.036109690","5","0.000275432","0.000254015","0.000335093","0.001377161","5","2522.04%"
"256","0.143947038","0.140342907","0.148454558","0.719735192","5","0.000952342","0.000912451","0.001065714","0.004761709","5","15015.06%"
"512","0.947500797","0.939626744","0.966932226","4.737503987","5","0.003313484","0.003218214","0.003451022","0.016567418","5","28495.31%"
"1024","7.037182412","6.967142294","7.065515658","35.185912062","5","0.012511161","0.012346126","0.012826266","0.062555806","5","56147.24%"
