"Size","MyDCTTime (ms)","LibDCTTime (ms)","Ratio (Lib/My)"
"8","11.422071","1.182651","0.1035"
"16","47.568269","4.240522","0.0891"
"32","213.661269","14.705225","0.0688"
"64","1137.408296","64.817270","0.0570"
"128","7333.499965","269.942173","0.0368"
"256","142575.438677","908.784734","0.0064"
"512","964417.338788","3231.102378","0.0034"
"1024","7428760.061167","12436.749105","0.0017"
"2048","55153046.719000","51915.940852","0.0009"
