"Size","MyDCTTime (ms)","LibDCTTime (ms)","Ratio (Lib/My)"
"8","0.007947","0.000876","0.1102"
"16","0.028514","0.002682","0.0941"
"32","0.128968","0.009775","0.0758"
"64","0.672370","0.046297","0.0689"
"128","4.504304","0.186379","0.0414"
"256","67.505810","0.241777","0.0036"
"512","301.704075","0.889497","0.0029"
"1024","1870.612427","3.220310","0.0017"
"2048","13577.834400","16.583095","0.0012"
