"Size","MyDCTTime (ms)","LibDCTTime (ms)","Ratio (Lib/My)"
"8","0.008771","0.000866","0.0987"
"16","0.026682","0.002835","0.1063"
"32","0.125004","0.011458","0.0917"
"64","0.718878","0.049826","0.0693"
"128","4.500542","0.193987","0.0431"
"256","67.876660","0.266029","0.0039"
"512","312.418247","0.881919","0.0028"
"1024","1929.776630","3.392063","0.0018"
"2048","14254.929400","14.789622","0.0010"
