"Size","Custom Avg (s)","Custom Min (s)","Custom Max (s)","Custom Sum (s)","Custom N","Library Avg (s)","Library Min (s)","Library Max (s)","Library Sum (s)","Library N","Custom slower than Lib (%)"
"8","0.000011493","0.000011290","0.000012088","0.000057465","5","0.000001210","0.000001196","0.000001229","0.000006048","5","850.18%"
"16","0.000044071","0.000044000","0.000044136","0.000220355","5","0.000003912","0.000003873","0.000003960","0.000019560","5","1026.57%"
"32","0.000215567","0.000203470","0.000251938","0.001077833","5","0.000013733","0.000013477","0.000014394","0.000068665","5","1469.69%"
"64","0.001100509","0.001082056","0.001140672","0.005502543","5","0.000063335","0.000062787","0.000063970","0.000316674","5","1637.60%"
"128","0.007135338","0.007119517","0.007149288","0.035676688","5","0.000257266","0.000255252","0.000259215","0.001286331","5","2673.52%"
"256","0.137811793","0.137128097","0.139032082","0.689058964","5","0.000895123","0.000888315","0.000905940","0.004475615","5","15295.85%"
"512","0.936414189","0.927460819","0.945945207","4.682070946","5","0.003123915","0.003100935","0.003152772","0.015619573","5","29875.66%"
"1024","6.845944525","6.748440007","6.921784451","34.229722625","5","0.012046398","0.011987470","0.012145286","0.060231992","5","56729.80%"
