"Size","MyDCTTime (s)","LibDCTTime (s)","Ratio (Lib/My)"
"8","0.000007947","0.000000876","0.1102"
"16","0.000028514","0.000002682","0.0941"
"32","0.000128968","0.000009775","0.0758"
"64","0.000672370","0.000046297","0.0689"
"128","0.004504304","0.000186379","0.0414"
"256","0.067505810","0.000241777","0.0036"
"512","0.301704075","0.000889497","0.0029"
"1024","1.870612427","0.003220310","0.0017"
"2048","13.577834400","0.016583095","0.0012"