"Size","MyDCTTime (s)","LibDCTTime (s)","Ratio (Lib/My)"
"8","0.000008771","0.000000866","0.0987"
"16","0.000026682","0.000002835","0.1063"
"32","0.000125004","0.000011458","0.0917"
"64","0.000718878","0.000049826","0.0693"
"128","0.004500542","0.000193987","0.0431"
"256","0.067876660","0.000266029","0.0039"
"512","0.312418247","0.000881919","0.0028"
"1024","1.929776630","0.003392063","0.0018"
"2048","14.254929400","0.014789622","0.0010"